CATEGORY_NAME,PRE_COVID_BUSINESSES,POST_COVID_BUSINESSES,PRE_COVID_REVIEWS,POST_COVID_REVIEWS,PRE_COVID_RATINGS,POST_COVID_RATINGS,PERCENT_CHANGE_BUSINESSES,PERCENT_CHANGE_REVIEWS,CHANGE_RATINGS
Ramen,137,168,11543,9362,4.05,4.17,22.63,-18.89,0.12
Cannabis Dispensaries,103,125,1070,1446,3.96,3.28,21.36,35.14,-0.68
Bubble Tea,311,377,13552,10577,4.09,4.16,21.22,-21.95,0.07
Cannabis Clinics,112,135,1527,1597,4.01,3.33,20.54,4.58,-0.68
Brewpubs,142,166,7787,5629,4,4.08,16.9,-27.71,0.08
Coffee Roasteries,212,245,7181,5739,4.31,4.36,15.57,-20.08,0.05
Acai Bowls,207,238,6649,4607,4.12,4.13,14.98,-30.71,0.01
Poke,162,184,8548,5318,4.31,4.28,13.58,-37.79,-0.03
Tacos,834,939,29905,22629,3.82,3.84,12.59,-24.33,0.02
Lawn Services,128,143,891,882,3.21,3.27,11.72,-1.01,0.06
Chicken Shop,639,708,16537,13640,3.7,3.58,10.8,-17.52,-0.12
Noodles,280,309,15871,10932,4.03,4.09,10.36,-31.12,0.06
Waffles,143,154,4151,3669,4,4.13,7.69,-11.61,0.13
Siding,149,158,939,921,2.97,2.95,6.04,-1.92,-0.02
Snow Removal,133,141,689,648,3.62,3.4,6.02,-5.95,-0.22
Beer Bar,696,736,38617,23562,4.01,4.07,5.75,-38.99,0.06
Packing Services,217,229,2399,2429,3.43,3.26,5.53,1.25,-0.17
Korean,280,295,14710,10030,4.09,4.12,5.36,-31.82,0.03
Wraps,247,260,6026,4342,3.91,3.91,5.26,-27.95,0
Pasta Shops,161,168,4509,3679,3.73,4.02,4.35,-18.41,0.29
Cocktail Bars,1330,1387,101504,64909,3.99,4.02,4.29,-36.05,0.03
Walk-in Clinics,122,126,911,1016,3.4,2.52,3.28,11.53,-0.88
Vegan,591,610,32628,20508,4.25,4.27,3.21,-37.15,0.02
Paint Stores,100,103,362,380,3.52,3.43,3,4.97,-0.09
Septic Services,102,105,622,570,3.82,3.92,2.94,-8.36,0.1
Mailbox Centers,309,318,1400,1610,3.31,3.24,2.91,15,-0.07
Breweries,663,680,30344,18546,4.03,4.09,2.56,-38.88,0.06
Recycling Center,127,130,1066,1056,2.56,2.48,2.36,-0.94,-0.08
Hawaiian,140,143,8934,4916,4.19,4.2,2.14,-44.97,0.01
Tree Services,471,481,2276,2308,3.78,3.8,2.12,1.41,0.02
Organic Stores,241,246,3472,2400,3.87,3.63,2.07,-30.88,-0.24
Landscaping,738,753,3681,3777,3.61,3.63,2.03,2.61,0.02
Gardeners,213,217,1090,1231,3.91,3.92,1.88,12.94,0.01
Water Purification Services,118,120,939,932,3.44,3.36,1.69,-0.75,-0.08
Nail Technicians,273,277,5432,3425,3.87,3.66,1.47,-36.95,-0.21
Seafood,2607,2637,169875,105753,3.91,3.91,1.15,-37.75,0
Guns & Ammo,191,193,1224,1469,3.88,3.52,1.05,20.02,-0.36
Mexican,3384,3416,113198,79675,3.79,3.76,0.95,-29.61,-0.03
Junk Removal & Hauling,324,326,2654,2629,3.36,3.29,0.62,-0.94,-0.07
Fences & Gates,174,175,912,822,3.84,3.69,0.57,-9.87,-0.15
Chicken Wings,2377,2389,50839,36000,3.47,3.35,0.5,-29.19,-0.12
Juice Bars & Smoothies,1229,1233,33694,22844,4.09,4.07,0.33,-32.2,-0.02
Soul Food,355,356,19354,10633,4.08,4.05,0.28,-45.06,-0.03
Pharmacy,437,438,2088,1855,2.63,2.31,0.23,-11.16,-0.32
Thai,631,631,26705,18896,4.05,4.16,0,-29.24,0.11
Propane,129,129,687,591,2.7,2.68,0,-13.97,-0.02
Lighting Fixtures & Equipment,286,286,1652,1676,3.9,3.93,0,1.45,0.03
Gutter Services,268,268,1188,1253,3.82,3.71,0,5.47,-0.11
Asian Fusion,1003,1000,49595,33193,3.96,3.98,-0.3,-33.07,0.02
Custom Cakes,247,246,3205,2906,4.16,4.15,-0.4,-9.33,-0.01
Comfort Food,568,565,33325,18650,3.99,4,-0.53,-44.04,0.01
Irrigation,188,187,896,1081,3.79,3.72,-0.53,20.65,-0.07
Laser Eye Surgery/Lasik,166,165,997,646,3.88,3.38,-0.6,-35.21,-0.5
Veterinarians,1204,1195,7908,7270,3.83,3.42,-0.75,-8.07,-0.41
Cajun/Creole,627,622,71545,31382,3.96,3.98,-0.8,-56.14,0.02
Cupcakes,330,327,6125,4431,4.19,4.17,-0.91,-27.66,-0.02
Southern,723,716,65146,33074,3.99,3.98,-0.97,-49.23,-0.01
Car Window Tinting,206,204,1436,1292,4.25,4.24,-0.97,-10.03,-0.01
Desserts,2254,2232,80514,56957,4.05,4.06,-0.98,-29.26,0.01
Roofing,400,396,1693,1580,3.51,3.54,-1,-6.67,0.03
Hardware Stores,674,667,3852,3774,3,2.83,-1.04,-2.02,-0.17
Pet Boarding,379,375,2648,2184,4.02,3.7,-1.06,-17.52,-0.32
Hot Dogs,568,561,12617,8647,3.77,3.68,-1.23,-31.47,-0.09
Beer Gardens,154,152,8302,4703,4.04,4.06,-1.3,-43.35,0.02
Roadside Assistance,148,146,853,716,3.36,3.46,-1.35,-16.06,0.1
Plumbing,952,939,6847,6423,3.42,3.53,-1.37,-6.19,0.11
Shipping Centers,708,698,3391,3201,2.86,2.99,-1.41,-5.6,0.13
Food Delivery Services,761,750,14737,11229,3.8,3.77,-1.45,-23.8,-0.03
Vitamins & Supplements,203,200,1231,1130,4,4.01,-1.48,-8.2,0.01
Salad,2447,2410,92075,60038,3.84,3.83,-1.51,-34.79,-0.01
Hiking,188,185,1354,1152,4.51,4.5,-1.6,-14.92,-0.01
Truck Rental,184,181,1017,799,2.32,2.24,-1.63,-21.44,-0.08
Notaries,466,458,2054,2160,3.43,3.3,-1.72,5.16,-0.13
Latin American,576,566,23463,16135,4.08,4.11,-1.74,-31.23,0.03
Boat Charters,108,106,1867,1243,4.26,4.27,-1.85,-33.42,0.01
Nurseries & Gardening,786,771,5654,5772,3.28,3.22,-1.91,2.09,-0.06
Mortgage Lenders,103,101,690,1047,3.09,2.48,-1.94,51.74,-0.61
Japanese,1202,1178,54528,36232,3.93,3.96,-2,-33.55,0.03
Electricians,415,406,2495,2449,3.82,3.82,-2.17,-1.84,0
Water Heater Installation/Repair,487,476,3868,3841,3.55,3.69,-2.26,-0.7,0.14
Tapas/Small Plates,300,293,22469,14459,4.13,4.16,-2.33,-35.65,0.03
Landscape Architects,206,201,928,948,3.72,3.71,-2.43,2.16,-0.01
Halal,244,238,7775,5089,4.08,4.12,-2.46,-34.55,0.04
Barbeque,1096,1068,54203,32016,3.96,3.93,-2.55,-40.93,-0.03
Hot Tub & Pool,233,227,1067,1187,3.5,2.76,-2.58,11.25,-0.74
Garage Door Services,152,148,1295,1021,4.21,4.12,-2.63,-21.16,-0.09
Fish & Chips,146,142,4961,3589,4.02,4.13,-2.74,-27.66,0.11
Pressure Washers,255,248,1326,1250,4.35,4.3,-2.75,-5.73,-0.05
Post Offices,285,277,1295,1126,2.33,2.32,-2.81,-13.05,-0.01
Solar Installation,106,103,573,583,3.66,3.46,-2.83,1.75,-0.2
Wine Bars,868,843,49985,31959,4.05,4.1,-2.88,-36.06,0.05
Fishing,139,135,945,780,4.38,4.16,-2.88,-17.46,-0.22
Vietnamese,479,465,21186,13888,4.04,4.14,-2.92,-34.45,0.1
RV Repair,101,98,1082,957,2.97,2.89,-2.97,-11.55,-0.08
Sushi Bars,1193,1157,55000,35945,3.89,3.91,-3.02,-34.65,0.02
Urgent Care,464,450,3336,2884,3.15,2.44,-3.02,-13.55,-0.71
Refinishing Services,130,126,607,659,4.05,4.19,-3.08,8.57,0.14
Drywall Installation & Repair,129,125,622,581,4.3,4.32,-3.1,-6.59,0.02
Floral Designers,224,217,1295,1331,3.89,3.98,-3.13,2.78,0.09
Masonry/Concrete,312,302,1300,1208,3.63,3.48,-3.21,-7.08,-0.15
Donuts,900,870,17011,12484,3.8,3.72,-3.33,-26.61,-0.08
Bakeries,2221,2146,54535,39768,4.07,4.1,-3.38,-27.08,0.03
International Grocery,176,170,2038,1579,4.19,4.1,-3.41,-22.52,-0.09
Caribbean,405,391,12668,8666,4.02,4.01,-3.46,-31.59,-0.01
Smog Check Stations,201,194,1578,1243,4.04,3.93,-3.48,-21.23,-0.11
Gun/Rifle Ranges,115,111,985,990,3.97,3.55,-3.48,0.51,-0.42
Soup,852,821,29121,18193,3.79,3.81,-3.64,-37.53,0.02
Pool & Hot Tub Service,272,262,1170,1231,3.4,2.94,-3.68,5.21,-0.46
Teeth Whitening,107,103,776,396,4.06,3.91,-3.74,-48.97,-0.15
Pest Control,437,420,2447,2426,3.61,3.53,-3.89,-0.86,-0.08
Building Supplies,847,814,4531,4196,3.16,3.04,-3.9,-7.39,-0.12
Coffee & Tea,5019,4823,118515,77565,3.9,3.9,-3.91,-34.55,0
Tex-Mex,775,744,21923,13218,3.38,3.28,-4,-39.71,-0.1
Burgers,4473,4293,120159,75621,3.47,3.46,-4.02,-37.07,-0.01
Cuban,199,191,9276,5871,4.13,4.09,-4.02,-36.71,-0.04
Threading Services,139,133,1704,974,4.13,4.04,-4.32,-42.84,-0.09
Laboratory Testing,253,242,1198,1057,2.98,2.67,-4.35,-11.77,-0.31
Gluten-Free,546,522,31466,19066,4.03,3.99,-4.4,-39.41,-0.04
Fast Food,5505,5262,64531,46753,2.91,2.64,-4.41,-27.55,-0.27
Pool Cleaners,181,173,817,865,3.29,2.97,-4.42,5.88,-0.32
Shaved Ice,203,194,3212,2524,4.18,4.24,-4.43,-21.42,0.06
Shades & Blinds,225,215,1114,938,3.84,3.72,-4.44,-15.8,-0.12
Wholesale Stores,224,214,2103,1715,3.47,3.3,-4.46,-18.45,-0.17
Fireplace Services,111,106,500,433,3.57,3.56,-4.5,-13.4,-0.01
Air Duct Cleaning,240,229,1993,1733,3.65,3.61,-4.58,-13.05,-0.04
Irish Pub,128,122,3366,1676,3.76,3.89,-4.69,-50.21,0.13
Parks,845,805,7927,5487,4.32,4.33,-4.73,-30.78,0.01
Tea Rooms,144,137,3920,2694,4.33,4.38,-4.86,-31.28,0.05
Cabinetry,185,176,810,654,3.63,3.51,-4.86,-19.26,-0.12
Restaurants,36554,34740,1202845,761412,3.84,3.85,-4.96,-36.7,0.01
Meat Shops,441,419,6721,4025,4.25,4.12,-4.99,-40.11,-0.13
Food,20317,19300,462012,307681,3.92,3.92,-5.01,-33.4,0
Home Window Tinting,139,132,945,810,4.44,4.36,-5.04,-14.29,-0.08
Home Theatre Installation,119,113,747,697,3.84,3.95,-5.04,-6.69,0.11
Handyman,272,258,1523,1294,4.02,3.96,-5.15,-15.04,-0.06
Windows Installation,386,366,2217,2002,3.32,3.3,-5.18,-9.7,-0.02
Bagels,570,540,13016,9226,3.67,3.7,-5.26,-29.12,0.03
Wine Tasting Room,132,125,3619,2464,4.3,4.31,-5.3,-31.91,0.01
Packing Supplies,150,142,1080,999,3.13,2.86,-5.33,-7.5,-0.27
Door Sales/Installation,242,229,1287,1121,3.43,3.2,-5.37,-12.9,-0.23
Painters,372,352,1701,1516,4.22,4.04,-5.38,-10.88,-0.18
Beaches,111,105,2172,1519,4.04,4.04,-5.41,-30.06,0
Home Inspectors,259,245,1494,1327,4.18,4.3,-5.41,-11.18,0.12
Diagnostic Services,417,394,2290,1879,3.04,2.74,-5.52,-17.95,-0.3
Auto Parts & Supplies,1716,1621,16068,11936,3.03,2.93,-5.54,-25.72,-0.1
Drugstores,1419,1340,7758,6360,2.59,2.31,-5.57,-18.02,-0.28
Sandwiches,6484,6122,176901,112237,3.88,3.86,-5.58,-36.55,-0.02
Chocolatiers & Shops,249,235,5216,2936,4.26,4.16,-5.62,-43.71,-0.1
Cheese Shops,106,100,3210,1707,4.37,4.34,-5.66,-46.82,-0.03
Food Trucks,875,825,16347,12751,4.21,4.28,-5.71,-22,0.07
Home Organization,122,115,781,766,3.97,3.84,-5.74,-1.92,-0.13
Diagnostic Imaging,156,147,1003,754,3.21,2.88,-5.77,-24.83,-0.33
Breakfast & Brunch,4893,4610,241906,138422,3.92,3.94,-5.78,-42.78,0.02
Car Wash,778,732,7049,5206,3.04,3.22,-5.91,-26.15,0.18
Health Markets,473,445,7290,4358,3.93,3.75,-5.92,-40.22,-0.18
Oil Change Stations,2085,1959,15401,11270,3.42,3.44,-6.04,-26.82,0.02
Auto Detailing,745,700,6824,5017,3.42,3.58,-6.04,-26.48,0.16
Convenience Stores,1638,1539,7619,5951,3.12,2.82,-6.04,-21.89,-0.3
Used Car Dealers,381,358,3679,3140,2.83,2.61,-6.04,-14.65,-0.22
Contractors,2002,1880,10627,9234,3.53,3.48,-6.09,-13.11,-0.05
Resorts,147,138,6475,3622,3.11,2.83,-6.12,-44.06,-0.28
Florists,801,752,4791,4438,3.93,3.89,-6.12,-7.37,-0.04
Glass & Mirrors,195,183,1012,875,3.89,3.94,-6.15,-13.54,0.05
Pizza,5346,5016,119832,82729,3.72,3.74,-6.17,-30.96,0.02
Movers,761,714,5970,5301,3.21,3.16,-6.18,-11.21,-0.05
Animal Shelters,129,121,893,609,3.59,3.26,-6.2,-31.8,-0.33
Dog Parks,145,136,998,742,4.24,4.13,-6.21,-25.65,-0.11
Laundromat,177,166,848,709,3.66,3.78,-6.21,-16.39,0.12
Car Dealers,1447,1357,16947,12830,2.79,2.61,-6.22,-24.29,-0.18
Seafood Markets,273,256,7202,4286,4.08,4.02,-6.23,-40.49,-0.06
Tires,2175,2038,14834,11636,3.47,3.43,-6.3,-21.56,-0.04
Auto Customization,269,252,1466,1250,4.22,4.06,-6.32,-14.73,-0.16
Bars,8069,7558,383179,225236,3.85,3.9,-6.33,-41.22,0.05
Printing Services,695,651,3026,2843,3.46,3.32,-6.33,-6.05,-0.14
Self Storage,674,631,3435,3249,2.99,2.88,-6.38,-5.41,-0.11
Hotels,2470,2312,46645,25270,3.11,2.96,-6.4,-45.82,-0.15
Steakhouses,1116,1044,61152,40093,3.76,3.77,-6.45,-34.44,0.01
Gastropubs,371,347,29061,16285,3.94,4.02,-6.47,-43.96,0.08
Boating,246,230,2756,1948,4.26,4.16,-6.5,-29.32,-0.1
Personal Injury Law,123,115,483,427,3.57,3.08,-6.5,-11.59,-0.49
Cheesesteaks,475,444,15042,9256,3.83,3.77,-6.53,-38.47,-0.06
Car Stereo Installation,213,199,1337,1133,3.78,3.47,-6.57,-15.26,-0.31
Grocery,2527,2359,27608,19239,3.68,3.51,-6.65,-30.31,-0.17
Spanish,194,181,8891,5265,4.08,4.03,-6.7,-40.78,-0.05
Swimming Pools,224,209,1351,1062,3.51,3.08,-6.7,-21.39,-0.43
Funeral Services & Cemeteries,149,139,634,540,3.86,3.71,-6.71,-14.83,-0.15
Pet Groomers,1345,1254,8576,6763,3.91,3.61,-6.77,-21.14,-0.3
Departments of Motor Vehicles,117,109,822,612,3.49,3.35,-6.84,-25.55,-0.14
Medical Supplies,173,161,917,725,3.02,2.97,-6.94,-20.94,-0.05
Mediterranean,828,770,33483,21744,4.11,4.16,-7,-35.06,0.05
Italian,3254,3024,102062,69312,3.81,3.91,-7.07,-32.09,0.1
Home Services,12211,11343,68514,58407,3.39,3.34,-7.11,-14.75,-0.05
American (Traditional),6220,5768,268327,152811,3.71,3.73,-7.27,-43.05,0.02
Appliances & Repair,683,633,4682,4291,2.88,2.91,-7.32,-8.35,0.03
Pets,3153,2922,19889,16413,3.86,3.55,-7.33,-17.48,-0.31
Nightlife,8879,8226,403795,235497,3.85,3.89,-7.35,-41.68,0.04
Automotive,9239,8559,63675,48651,3.32,3.28,-7.36,-23.59,-0.04
Chinese,2358,2182,52920,32957,3.7,3.73,-7.46,-37.72,0.03
Waxing,2029,1877,27881,16500,3.97,3.9,-7.49,-40.82,-0.07
Ophthalmologists,386,357,1961,1384,3.34,3.06,-7.51,-29.42,-0.28
Heating & Air Conditioning/HVAC,1052,973,6907,5695,3.22,3.3,-7.51,-17.55,0.08
Sports Bars,1640,1515,51908,29407,3.4,3.48,-7.62,-43.35,0.08
Couriers & Delivery Services,260,240,1825,1773,3.39,3.15,-7.69,-2.85,-0.24
Wheel & Rim Repair,285,263,2257,1800,4.06,4.01,-7.72,-20.25,-0.05
Divorce & Family Law,116,107,387,275,3.79,3.73,-7.76,-28.94,-0.06
Auto Repair,4756,4384,34985,26078,3.35,3.32,-7.82,-25.46,-0.03
Specialty Food,3126,2881,62939,39312,4.05,4.03,-7.84,-37.54,-0.02
Laser Hair Removal,314,289,2702,1918,4,3.89,-7.96,-29.02,-0.11
Transmission Repair,572,526,3116,2286,3.82,3.91,-8.04,-26.64,0.09
Damage Restoration,311,286,1656,1351,3.85,3.79,-8.04,-18.42,-0.06
Tapas Bars,136,125,8557,5815,4.1,4.15,-8.09,-32.04,0.05
Vegetarian,834,766,45583,24928,4.12,4.14,-8.15,-45.31,0.02
Outdoor Gear,270,248,1680,1486,3.74,3.52,-8.15,-11.55,-0.22
Auto Glass Services,624,573,4101,3459,4.12,4.15,-8.17,-15.65,0.03
Wineries,281,258,8002,4975,4.28,4.27,-8.19,-37.83,-0.01
Ice Cream & Frozen Yogurt,1883,1728,38199,26857,3.99,3.94,-8.23,-29.69,-0.05
Flooring,546,501,2646,2435,3.71,3.71,-8.24,-7.97,0
Rafting/Kayaking,109,100,985,885,4.58,4.44,-8.26,-10.15,-0.14
Eyelash Service,1104,1012,13852,8144,4.01,3.91,-8.33,-41.21,-0.1
Discount Store,742,680,3982,2984,2.77,2.52,-8.36,-25.06,-0.25
Medical Centers,981,899,6589,5044,3.07,2.63,-8.36,-23.45,-0.44
Piercing,298,273,2759,1831,4.31,4.08,-8.39,-33.64,-0.23
Cafes,1861,1703,79048,45882,4.12,4.15,-8.49,-41.96,0.03
Gas Stations,907,830,3709,2725,3.19,2.95,-8.49,-26.53,-0.24
Shopping Centers,223,204,4825,2230,3.92,3.7,-8.52,-53.78,-0.22
Hair Removal,2726,2492,33887,20128,3.95,3.89,-8.58,-40.6,-0.06
Pet Services,2231,2039,13993,11562,3.9,3.6,-8.61,-17.37,-0.3
Supernatural Readings,115,105,1152,583,4.39,4.28,-8.7,-49.39,-0.11
Medical Spas,632,577,4742,3297,4.04,3.95,-8.7,-30.47,-0.09
Data Recovery,101,92,923,563,4.01,4.03,-8.91,-39,0.02
Home & Garden,4814,4385,29096,24170,3.37,3.22,-8.91,-16.93,-0.15
Home Automation,112,102,605,500,2.99,3.22,-8.93,-17.36,0.23
Pet Training,480,437,2948,2213,3.66,3.36,-8.96,-24.93,-0.3
Financial Advising,156,142,724,641,2.69,2.32,-8.97,-11.46,-0.37
Appliances,745,678,5999,5196,2.77,2.55,-8.99,-13.39,-0.22
Tiling,211,192,1046,964,4.15,4.1,-9,-7.84,-0.05
Cosmetic Surgeons,332,302,1852,1402,3.79,3.81,-9.04,-24.3,0.02
Playgrounds,219,199,1592,952,4.22,4.15,-9.13,-40.2,-0.07
Butcher,141,128,3653,1958,4.31,4.09,-9.22,-46.4,-0.22
Television Service Providers,130,118,1195,783,1.62,1.65,-9.23,-34.48,0.03
Beer,1818,1649,54932,31315,4.01,3.99,-9.3,-42.99,-0.02
Wine & Spirits,1818,1649,54932,31315,4.01,3.99,-9.3,-42.99,-0.02
Hobby Shops,387,351,1872,1320,3.88,3.84,-9.3,-29.49,-0.04
Optometrists,973,882,4667,3214,3.51,3.16,-9.35,-31.13,-0.35
Middle Eastern,384,348,17343,10315,4.22,4.29,-9.38,-40.52,0.07
Watch Repair,213,193,1398,1007,4.3,4.4,-9.39,-27.97,0.1
Golf,403,365,2808,1914,3.54,3.42,-9.43,-31.84,-0.12
Head Shops,180,163,1067,895,3.81,3.38,-9.44,-16.12,-0.43
Indian,470,425,19592,11987,4.07,4.19,-9.57,-38.82,0.12
Fruits & Veggies,449,406,5968,3532,4.12,3.96,-9.58,-40.82,-0.16
Imported Food,145,131,1743,1108,3.84,3.98,-9.66,-36.43,0.14
Furniture Reupholstery,145,131,642,522,4.1,4.28,-9.66,-18.69,0.18
Banks & Credit Unions,628,567,2158,1676,2.43,2.08,-9.71,-22.34,-0.35
Photography Stores & Services,390,352,1640,1287,2.92,2.73,-9.74,-21.52,-0.19
Gelato,153,138,5092,3123,4.23,4.2,-9.8,-38.67,-0.03
Mortgage Brokers,316,285,1446,1448,2.88,2.69,-9.81,0.14,-0.19
Signmaking,183,165,680,561,3.28,3.06,-9.84,-17.5,-0.22
Jewelry Repair,304,274,1659,1215,4.44,4.47,-9.87,-26.76,0.03
Musical Instrument Services,152,137,761,718,3.6,3.34,-9.87,-5.65,-0.26
Amusement Parks,220,198,3977,2286,3.63,3.23,-10,-42.52,-0.4
Pain Management,110,99,622,434,3.67,3.23,-10,-30.23,-0.44
Eyebrow Services,419,377,4682,3026,4.14,4.11,-10.02,-35.37,-0.03
Greek,547,492,16942,11163,4.05,4.05,-10.05,-34.11,0
Flowers & Gifts,1546,1390,10256,9166,4,3.98,-10.09,-10.63,-0.02
Pet Stores,880,791,5581,4174,3.69,3.44,-10.11,-25.21,-0.25
Nail Salons,3886,3490,46706,27272,3.66,3.61,-10.19,-41.61,-0.05
Music & DVDs,156,140,1068,677,4.12,3.97,-10.26,-36.61,-0.15
American (New),4318,3874,250746,137166,3.89,3.93,-10.28,-45.3,0.04
Computers,272,244,2731,1884,3.16,2.92,-10.29,-31.01,-0.24
Towing,622,558,3375,2381,3.18,3.34,-10.29,-29.45,0.16
Local Services,9450,8478,53309,42600,3.55,3.51,-10.29,-20.09,-0.04
Delis,1880,1684,32244,21350,3.95,3.86,-10.43,-33.79,-0.09
Keys & Locksmiths,286,256,2055,1509,4.42,4.24,-10.49,-26.57,-0.18
Kitchen & Bath,637,570,4118,2756,3.44,3.39,-10.52,-33.07,-0.05
Hotels & Travel,4906,4387,83656,44085,3.35,3.19,-10.58,-47.3,-0.16
Endodontists,636,568,2909,1931,3.71,3.31,-10.69,-33.62,-0.4
Financial Services,1254,1120,6096,5122,2.66,2.44,-10.69,-15.98,-0.22
Pubs,1303,1163,49413,26049,3.87,3.93,-10.74,-47.28,0.06
Body Shops,1088,971,7872,5884,3.43,3.44,-10.75,-25.25,0.01
Pet Sitting,1162,1036,7058,5456,3.9,3.66,-10.84,-22.7,-0.24
Real Estate Services,690,615,3435,2965,3.52,3.51,-10.87,-13.68,-0.01
Farmers Market,375,334,6078,3966,4.24,4.2,-10.93,-34.75,-0.04
Mattresses,521,464,5030,4009,2.77,2.33,-10.94,-20.3,-0.44
Diners,1123,1000,44463,22975,3.73,3.79,-10.95,-48.33,0.06
Permanent Makeup,347,309,3830,2053,4.09,4.06,-10.95,-46.4,-0.03
Furniture Stores,1286,1145,8872,6707,3.01,2.7,-10.96,-24.4,-0.31
Lawyers,317,282,1314,994,3.77,3.46,-11.04,-24.35,-0.31
Airports,108,96,3964,1382,3.37,3.09,-11.11,-65.14,-0.28
Eyewear & Opticians,887,788,4469,3128,3.52,3.2,-11.16,-30.01,-0.32
Bike Rentals,242,215,2053,1697,4.53,4.33,-11.16,-17.34,-0.2
Hospitals,354,314,3142,2134,2.69,2.32,-11.3,-32.08,-0.37
Pet Adoption,150,133,1090,740,3.81,3.45,-11.33,-32.11,-0.36
Home Cleaning,653,579,4105,3259,3.88,3.82,-11.33,-20.61,-0.06
Men's Hair Salons,746,661,5586,3132,4.12,3.95,-11.39,-43.93,-0.17
Thrift Stores,482,427,2643,1866,3.46,3.35,-11.41,-29.4,-0.11
Windshield Installation & Repair,298,264,2061,1658,4,4.09,-11.41,-19.55,0.09
Caterers,2146,1901,55304,33665,3.9,3.87,-11.42,-39.13,-0.03
Real Estate,3069,2718,16396,12631,3.04,2.8,-11.44,-22.96,-0.24
Apartments,1660,1470,8607,6449,2.67,2.39,-11.45,-25.07,-0.28
Counseling & Mental Health,192,170,895,637,3.03,2.68,-11.46,-28.83,-0.35
Pediatricians,226,200,935,643,3.24,3.02,-11.5,-31.23,-0.22
Tattoo,504,446,3763,2451,4.33,4.08,-11.51,-34.87,-0.25
Museums,364,322,9208,4617,4.2,4.26,-11.54,-49.86,0.06
Interior Design,421,372,2282,1768,3.6,3.42,-11.64,-22.52,-0.18
Watches,274,242,1474,1045,4.14,4.25,-11.68,-29.1,0.11
Community Service/Non-Profit,410,362,3020,1739,3.89,3.69,-11.71,-42.42,-0.2
Personal Shopping,128,113,797,613,3.88,3.94,-11.72,-23.09,0.06
Historical Tours,127,112,5524,2276,4.55,4.53,-11.81,-58.8,-0.02
Bikes,347,306,2150,2075,4.44,4.16,-11.82,-3.49,-0.28
Cosmetic Dentists,1469,1294,7174,4923,3.73,3.48,-11.91,-31.38,-0.25
Pediatric Dentists,469,413,2201,1549,3.74,3.55,-11.94,-29.62,-0.19
Team Building Activities,125,110,2133,1192,4.62,4.57,-12,-44.12,-0.05
Property Management,656,577,3474,2964,2.53,2.36,-12.04,-14.68,-0.17
Auto Loan Providers,166,146,1443,1272,2.63,2.54,-12.05,-11.85,-0.09
Carpet Cleaning,431,379,2497,2050,4.14,4.15,-12.06,-17.9,0.01
Countertop Installation,149,131,660,504,3.54,3.6,-12.08,-23.64,0.06
Bike Repair/Maintenance,223,196,1388,1382,4.46,4.22,-12.11,-0.43,-0.24
Pretzels,132,116,1197,849,3.7,3.97,-12.12,-29.07,0.27
Carpeting,272,239,1472,1291,3.67,3.47,-12.13,-12.3,-0.2
IT Services & Computer Repair,996,875,6716,4512,3.32,3.32,-12.15,-32.82,0
Skin Care,2089,1834,22395,12726,3.99,3.98,-12.21,-43.17,-0.01
Internet Service Providers,294,258,2294,1514,1.86,1.86,-12.24,-34,0
Periodontists,424,372,2013,1272,3.67,3.32,-12.26,-36.81,-0.35
Office Equipment,212,186,1080,791,3.24,3.14,-12.26,-26.76,-0.1
University Housing,106,93,726,616,2.43,2.01,-12.26,-15.15,-0.42
Oral Surgeons,667,585,3348,2226,3.8,3.43,-12.29,-33.51,-0.37
Rehabilitation Center,203,178,781,577,3.4,2.97,-12.32,-26.12,-0.43
Orthopedists,210,184,1211,795,3.19,3.11,-12.38,-34.35,-0.08
Candy Stores,265,232,4564,3023,4.32,4.25,-12.45,-33.76,-0.07
Gift Shops,648,567,4439,4065,4.09,4.05,-12.5,-8.43,-0.04
Shopping,19323,16903,123085,89038,3.65,3.48,-12.52,-27.66,-0.17
Event Planning & Services,8072,7060,158341,89945,3.7,3.67,-12.54,-43.2,-0.03
Motorcycle Dealers,191,167,937,845,3.67,3.37,-12.57,-9.82,-0.3
Venues & Event Spaces,2086,1823,58234,30639,3.71,3.74,-12.61,-47.39,0.03
Gold Buyers,119,104,515,420,4.04,4.16,-12.61,-18.45,0.12
Health & Medical,10186,8894,55539,38929,3.63,3.35,-12.68,-29.91,-0.28
Life Insurance,118,103,438,359,3.54,3.68,-12.71,-18.04,0.14
Baby Gear & Furniture,173,151,1093,662,3.2,2.86,-12.72,-39.43,-0.34
Public Services & Government,1014,885,8612,5302,3.83,3.6,-12.72,-38.43,-0.23
Dive Bars,508,443,9310,4116,3.86,3.87,-12.8,-55.79,0.01
Electronics Repair,413,360,2962,1993,3.98,3.86,-12.83,-32.71,-0.12
Commercial Real Estate,109,95,498,390,3.54,3.55,-12.84,-21.69,0.01
Window Washing,194,169,1210,925,4.14,4.27,-12.89,-23.55,0.13
Cards & Stationery,170,148,987,680,3.99,3.95,-12.94,-31.1,-0.04
Pakistani,139,121,4765,2930,3.97,4.1,-12.95,-38.51,0.13
Orthodontists,602,524,3027,2065,3.56,3.16,-12.96,-31.78,-0.4
Landmarks & Historical Buildings,254,221,4828,2495,4.38,4.36,-12.99,-48.32,-0.02
Security Systems,260,226,1886,1232,2.99,3.43,-13.08,-34.68,0.44
Mobile Phones,794,690,5318,3649,2.78,2.58,-13.1,-31.38,-0.2
Beauty & Spas,11651,10124,103618,61525,3.86,3.78,-13.11,-40.62,-0.08
Insurance,335,291,2181,1579,2.65,2.66,-13.13,-27.6,0.01
Mobile Phone Accessories,426,370,2290,1583,3.16,3.1,-13.15,-30.87,-0.06
Dentists,2230,1935,10012,6805,3.79,3.51,-13.23,-32.03,-0.28
Toy Stores,378,328,1785,1242,3.86,3.72,-13.23,-30.42,-0.14
Sporting Goods,1276,1107,8148,6299,4.08,3.87,-13.24,-22.69,-0.21
Car Rental,600,520,5961,3527,2.6,2.24,-13.33,-40.83,-0.36
Carpet Installation,120,104,559,501,3.47,3.28,-13.33,-10.38,-0.19
Doctors,3313,2869,17136,12195,3.38,3.11,-13.4,-28.83,-0.27
General Dentistry,1753,1518,8073,5509,3.73,3.46,-13.41,-31.76,-0.27
Fabric Stores,141,122,633,421,3.54,3.61,-13.48,-33.49,0.07
Rugs,133,115,880,512,3.21,3.44,-13.53,-41.82,0.23
Vinyl Records,110,95,1002,512,4.09,4.18,-13.64,-48.9,0.09
Framing,161,139,547,393,4.22,4.38,-13.66,-28.15,0.16
Arcades,305,263,5784,2838,3.42,3.38,-13.77,-50.93,-0.04
Professional Services,2683,2312,15636,10876,3.51,3.46,-13.83,-30.44,-0.05
Cosmetics & Beauty Supply,1298,1118,7933,5008,3.6,3.4,-13.87,-36.87,-0.2
Mobile Phone Repair,447,385,3352,2137,3.95,3.9,-13.87,-36.25,-0.05
Leather Goods,108,93,650,479,3.71,3.82,-13.89,-26.31,0.11
Home Decor,1526,1313,9598,6740,3.33,3.16,-13.96,-29.78,-0.17
Lounges,788,677,27818,14351,3.88,3.92,-14.09,-48.41,0.04
Ethnic Food,423,363,13597,7135,4.05,4.02,-14.18,-47.53,-0.03
Bowling,155,133,3219,1600,3.35,3.39,-14.19,-50.3,0.04
Department Stores,1180,1012,9173,5811,3.06,2.77,-14.24,-36.65,-0.29
Lingerie,140,120,687,395,3.79,3.81,-14.29,-42.5,0.02
Sports Medicine,259,222,1397,921,3.73,3.64,-14.29,-34.07,-0.09
Dermatologists,308,264,1719,1138,3.47,3.56,-14.29,-33.8,0.09
Electronics,1214,1040,8309,6011,2.87,2.68,-14.33,-27.66,-0.19
Tours,711,609,17952,8433,4.4,4.39,-14.35,-53.02,-0.01
Office Cleaning,298,255,2038,1486,4.13,4.15,-14.43,-27.09,0.02
Telecommunications,360,308,1724,1153,2.47,2.57,-14.44,-33.12,0.1
Real Estate Agents,499,426,2233,1849,3.88,3.9,-14.63,-17.2,0.02
Irish,150,128,4312,2022,3.74,3.89,-14.67,-53.11,0.15
Musical Instruments & Teachers,218,186,872,662,3.97,3.89,-14.68,-24.08,-0.08
Comic Books,109,93,529,457,4.23,4.15,-14.68,-13.61,-0.08
Auto Insurance,168,143,918,536,2.92,3.34,-14.88,-41.61,0.42
Naturopathic/Holistic,187,159,929,653,4.19,4.02,-14.97,-29.71,-0.17
Karaoke,227,193,3765,2022,3.64,3.61,-14.98,-46.29,-0.03
Chiropractors,611,519,2509,1818,4.38,4.24,-15.06,-27.54,-0.14
Graphic Design,179,152,764,625,4.02,4.03,-15.08,-18.19,0.01
Buffets,390,331,13157,6245,3.5,3.71,-15.13,-52.53,0.21
Tax Services,119,101,452,300,3.59,3.3,-15.13,-33.63,-0.29
Podiatrists,112,95,439,278,3.38,3.5,-15.18,-36.67,0.12
Surgeons,118,100,660,405,3.58,3.16,-15.25,-38.64,-0.42
Arts & Crafts,1084,918,6764,4317,4.06,4.02,-15.31,-36.18,-0.04
Family Practice,430,364,2412,1743,3.28,2.55,-15.35,-27.74,-0.73
Specialty Schools,742,628,4307,2621,4.16,4.01,-15.36,-39.15,-0.15
Barbers,1438,1217,8967,5052,4.08,3.98,-15.37,-43.66,-0.1
Music Venues,772,653,28248,13587,3.71,3.71,-15.41,-51.9,0
Country Clubs,109,92,581,318,3.78,3.43,-15.6,-45.27,-0.35
Food Stands,268,226,5737,3373,4.36,4.38,-15.67,-41.21,0.02
Adult Entertainment,178,150,2678,1208,3.62,3.6,-15.73,-54.89,-0.02
Art Galleries,577,486,5085,2938,4.32,4.3,-15.77,-42.22,-0.02
Sewing & Alterations,716,603,3921,2459,3.87,4.09,-15.78,-37.29,0.22
Jewelry,1223,1030,6788,4288,4.08,4.08,-15.78,-36.83,0
Pool Halls,126,106,1566,779,3.53,3.62,-15.87,-50.26,0.09
Videos & Video Game Rental,125,105,611,397,3.78,3.47,-16,-35.02,-0.31
Reflexology,355,298,3435,2014,4.13,4.11,-16.06,-41.37,-0.02
Public Transportation,112,94,1218,443,2.96,3.03,-16.07,-63.63,0.07
Motorcycle Repair,180,151,765,723,3.78,3.47,-16.11,-5.49,-0.31
Bridal,428,359,3406,1854,3.98,4.12,-16.12,-45.57,0.14
French,290,243,20149,10030,4.08,4.2,-16.21,-50.22,0.12
Tobacco Shops,559,468,3516,2372,3.93,3.8,-16.28,-32.54,-0.13
Makeup Artists,793,663,6831,3663,4.21,4.2,-16.39,-46.38,-0.01
Massage,1669,1392,17093,9329,4.01,3.98,-16.6,-45.42,-0.03
Jazz & Blues,126,105,6095,2430,4.07,4.18,-16.67,-60.13,0.11
Active Life,6183,5152,53082,32055,3.98,3.85,-16.67,-39.61,-0.13
Cinema,281,234,7567,2012,3.27,3.35,-16.73,-73.41,0.08
Blow Dry/Out Services,382,318,3802,2140,4.2,4.23,-16.75,-43.71,0.03
Home & Rental Insurance,125,104,456,359,3.59,3.77,-16.8,-21.27,0.18
Day Spas,1565,1302,20175,10859,3.85,3.79,-16.81,-46.18,-0.06
Accountants,107,89,318,207,3.88,3.38,-16.82,-34.91,-0.5
Physical Therapy,485,403,2208,1394,3.75,3.77,-16.91,-36.87,0.02
Books,685,569,4686,3044,4.08,4.12,-16.93,-35.04,0.04
Mags,685,569,4686,3044,4.08,4.12,-16.93,-35.04,0.04
Music & Video,685,569,4686,3044,4.08,4.12,-16.93,-35.04,0.04
Spray Tanning,301,250,2867,1337,4.21,4.07,-16.94,-53.37,-0.14
Vacation Rentals,128,106,992,726,3.3,3.05,-17.19,-26.81,-0.25
Art Supplies,238,197,1344,830,3.72,3.6,-17.23,-38.24,-0.12
Hair Stylists,1233,1018,8605,5035,4.15,4.09,-17.44,-41.49,-0.06
Formal Wear,246,203,1449,754,3.68,3.6,-17.48,-47.96,-0.08
Hair Salons,4018,3315,28411,15962,4.06,4.01,-17.5,-43.82,-0.05
Recreation Centers,192,158,2064,1073,4.09,4.05,-17.71,-48.01,-0.04
Wedding Planning,583,479,4611,2939,4.1,3.98,-17.84,-36.26,-0.12
Bookstores,291,239,2671,1729,4.2,4.28,-17.87,-35.27,0.08
Used,564,463,4157,2430,3.71,3.62,-17.91,-41.54,-0.09
Vintage & Consignment,564,463,4157,2430,3.71,3.62,-17.91,-41.54,-0.09
Transportation,690,565,7753,3476,3.14,3.23,-18.12,-55.17,0.09
Bed & Breakfast,284,232,2951,1815,3.63,3.67,-18.31,-38.5,0.04
Tanning Beds,120,98,710,356,3.67,3.41,-18.33,-49.86,-0.26
Arts & Entertainment,4156,3392,86126,41519,3.84,3.85,-18.38,-51.79,0.01
Obstetricians & Gynecologists,270,220,1572,898,3.03,2.72,-18.52,-42.88,-0.31
Shoe Stores,813,662,4138,2445,3.44,3.46,-18.57,-40.91,0.02
Fashion,4334,3529,27054,16466,3.52,3.37,-18.57,-39.14,-0.15
Education,1571,1274,9237,5401,4.12,4.03,-18.91,-41.53,-0.09
Sports Clubs,252,204,2294,1079,3.33,3.22,-19.05,-52.96,-0.11
Costumes,105,85,560,301,3.52,3.4,-19.05,-46.25,-0.12
Massage Therapy,1135,917,8342,5033,4.22,4.2,-19.21,-39.67,-0.02
Tanning,530,428,4351,2025,3.99,3.87,-19.25,-53.46,-0.12
Kids Activities,325,262,2931,1449,4,3.9,-19.38,-50.56,-0.1
Colleges & Universities,136,109,668,369,2.97,2.62,-19.85,-44.76,-0.35
Cardio Classes,130,104,742,467,4.2,3.89,-20,-37.06,-0.31
Vape Shops,379,303,1617,1110,3.86,3.54,-20.05,-31.35,-0.32
Parking,214,171,2467,1070,2.98,2.64,-20.09,-56.63,-0.34
Dry Cleaning,333,266,1602,1025,3.53,3.69,-20.12,-36.02,0.16
Antiques,487,388,2360,1612,3.96,4.02,-20.33,-31.69,0.06
Party Bus Rentals,108,86,927,474,4.27,4.17,-20.37,-48.87,-0.1
Shoe Repair,216,172,1073,709,3.75,4.05,-20.37,-33.92,0.3
Stadiums & Arenas,103,82,1670,564,3.83,3.97,-20.39,-66.23,0.14
Sports Wear,434,345,2151,1443,3.65,3.46,-20.51,-32.91,-0.19
Outlet Stores,141,112,885,538,3.45,3.29,-20.57,-39.21,-0.16
Men's Clothing,981,773,5443,2989,3.48,3.33,-21.2,-45.09,-0.15
Dance Clubs,259,204,5935,2424,3.35,3.29,-21.24,-59.16,-0.06
Party Equipment Rentals,160,126,734,496,4.18,4.14,-21.25,-32.43,-0.04
Traditional Chinese Medicine,150,118,1065,546,4.33,4.26,-21.33,-48.73,-0.07
Plus Size Fashion,117,92,527,282,3.44,3.28,-21.37,-46.49,-0.16
Weight Loss Centers,346,272,1939,1120,3.8,3.78,-21.39,-42.24,-0.02
Local Flavor,1190,934,30080,13979,4.08,4.01,-21.51,-53.53,-0.07
Preschools,283,222,1121,654,3.89,3.86,-21.55,-41.66,-0.03
Hair Extensions,531,416,4578,2713,4.18,4.08,-21.66,-40.74,-0.1
Internal Medicine,190,148,1130,654,3.35,2.93,-22.11,-42.12,-0.42
Screen Printing/T-Shirt Printing,107,83,406,322,3.86,3.41,-22.43,-20.69,-0.45
Elementary Schools,178,138,757,437,3.7,3.66,-22.47,-42.27,-0.04
Acupuncture,319,247,1707,1051,4.41,4.33,-22.57,-38.43,-0.08
Laundry Services,968,748,3957,2483,3.41,3.67,-22.73,-37.25,0.26
Limos,240,185,1659,765,4,4.04,-22.92,-53.89,0.04
Interval Training Gyms,174,134,1124,623,4.01,3.69,-22.99,-44.57,-0.32
Escape Games,143,110,2465,1046,4.58,4.52,-23.08,-57.57,-0.06
Party & Event Planning,896,689,11611,5559,3.83,3.76,-23.1,-52.12,-0.07
Airport Shuttles,268,206,1969,841,3.34,3.45,-23.13,-57.29,0.11
Reiki,160,123,893,501,4.58,4.53,-23.13,-43.9,-0.05
Trainers,1175,902,7692,4072,3.61,3.29,-23.23,-47.06,-0.32
Women's Clothing,1601,1227,8565,4625,3.53,3.39,-23.36,-46,-0.14
Art Classes,205,157,1239,621,4.46,4.49,-23.41,-49.88,0.03
Gyms,1457,1114,9870,5123,3.63,3.29,-23.54,-48.1,-0.34
Religious Organizations,229,175,1236,642,4.22,4.11,-23.58,-48.06,-0.11
Travel Services,228,174,2468,1296,3.51,3.17,-23.68,-47.49,-0.34
Accessories,1206,920,6502,3628,3.77,3.62,-23.71,-44.2,-0.15
Fitness & Instruction,2560,1945,16003,8159,3.89,3.63,-24.02,-49.02,-0.26
Churches,179,136,721,382,4.25,4.05,-24.02,-47.02,-0.2
Street Vendors,216,164,3376,2642,4.24,4.26,-24.07,-21.74,0.02
Life Coach,112,85,560,307,4.45,4.18,-24.11,-45.18,-0.27
Dog Walkers,221,167,1239,877,4.54,4.16,-24.43,-29.22,-0.38
Educational Services,114,86,727,369,4.32,4.04,-24.56,-49.24,-0.28
Party Supplies,251,188,1263,686,3.71,3.7,-25.1,-45.68,-0.01
Child Care & Day Care,361,270,1351,690,3.68,3.65,-25.21,-48.93,-0.03
Hookah Bars,153,114,1685,806,3.56,3.57,-25.49,-52.17,0.01
Nutritionists,360,268,1839,1126,4.15,3.96,-25.56,-38.77,-0.19
Dry Cleaning & Laundry,903,672,3599,2027,3.35,3.62,-25.58,-43.68,0.27
Social Clubs,112,83,1515,733,4.07,4.03,-25.89,-51.62,-0.04
Cycling Classes,108,80,968,445,4.24,3.59,-25.93,-54.03,-0.65
Taxis,195,144,1158,549,2.82,2.75,-26.15,-52.59,-0.07
DJs,106,78,599,299,4.52,4.55,-26.42,-50.08,0.03
Pilates,243,177,1452,651,4.34,4.09,-27.16,-55.17,-0.25
Yoga,720,524,4776,2110,4.01,3.81,-27.22,-55.82,-0.2
Session Photography,279,203,1300,763,4.49,4.56,-27.24,-41.31,0.07
Dance Studios,147,106,541,278,4.4,4.41,-27.89,-48.61,0.01
Children's Clothing,342,246,1891,821,3.24,3.26,-28.07,-56.58,0.02
Photographers,378,269,1811,1015,4.3,4.3,-28.84,-43.95,0
Event Photography,247,174,1140,615,4.58,4.53,-29.55,-46.05,-0.05
Summer Camps,201,141,1027,480,3.79,3.68,-29.85,-53.26,-0.11
Performing Arts,442,310,5093,1737,4.02,4,-29.86,-65.89,-0.02
Martial Arts,216,151,954,435,4.21,3.92,-30.09,-54.4,-0.29
Boot Camps,283,197,1748,766,4.22,3.98,-30.39,-56.18,-0.24
Barre Classes,127,88,747,261,4.6,4.46,-30.71,-65.06,-0.14
Boxing,105,72,579,196,4.07,3.86,-31.43,-66.15,-0.21
Libraries,161,108,530,225,4.18,4.2,-32.92,-57.55,0.02
Festivals,318,157,2657,918,4.15,4.06,-50.63,-65.45,-0.09
